{
  "sound": "T_SndCrea_Riverstrider1",
  "offset": 74,
  "sway": 4,
  "speed": 4,
  "turnspeed": 30,
  "guideSlot": {
    "animationGroup": [],
    "position": {
      "x": 0,
      "y": 533,
      "z": 51
    }
  },
  "hiddenSlot": {
    "position": {
      "x": 0,
      "y": 0,
      "z": 170
    }
  },
  "slots": [
    {
      "animationGroup": [
        "idle5"
      ],
      "animationFile": "VA_sitting.nif",
      "position": {
        "x": 0,
        "y": 390,
        "z": 196
      }
    },
    {
      "animationGroup": [
        "idle6"
      ],
      "animationFile": "VA_sitting.nif",
      "position": {
        "x": 0,
        "y": 611,
        "z": 236
      }
    },
    {
      "animationGroup": [
        "idle6"
      ],
      "animationFile": "VA_sitting.nif",
      "position": {
        "x": -271,
        "y": -365,
        "z": 50
      }
    },
    {
      "animationGroup": [
        "idle6"
      ],
      "animationFile": "VA_sitting.nif",
      "position": {
        "x": 271,
        "y": -365,
        "z": 50
      }
    },
    {
      "animationGroup": [],
      "position": {
        "x": 0,
        "y": 240,
        "z": 153
      }
    },
    {
      "animationGroup": [],
      "position": {
        "x": 0,
        "y": -543,
        "z": 108
      }
    }
  ]
}