[
  {
    "x": -68568,
    "y": 143250,
    "z": 0
  },
  {
    "x": -70101,
    "y": 143823,
    "z": 0
  },
  {
    "x": -71356,
    "y": 143494,
    "z": 0
  },
  {
    "x": -74952,
    "y": 139895,
    "z": 0
  },
  {
    "x": -76465,
    "y": 139004,
    "z": 0
  },
  {
    "x": -79663,
    "y": 138905,
    "z": 0
  },
  {
    "x": -81327,
    "y": 137289,
    "z": 0
  },
  {
    "x": -83532,
    "y": 135674,
    "z": 0
  },
  {
    "x": -86833,
    "y": 134375,
    "z": 0
  },
  {
    "x": -90054,
    "y": 132011,
    "z": 0
  },
  {
    "x": -94497,
    "y": 126481,
    "z": 0
  },
  {
    "x": -95849,
    "y": 124824,
    "z": 0
  },
  {
    "x": -98474,
    "y": 124171,
    "z": 0
  },
  {
    "x": -103979,
    "y": 125110,
    "z": 0
  },
  {
    "x": -108871,
    "y": 123582,
    "z": 0
  },
  {
    "x": -112151,
    "y": 124921,
    "z": 0
  },
  {
    "x": -116567,
    "y": 124649,
    "z": 0
  },
  {
    "x": -118425,
    "y": 123424,
    "z": 0
  },
  {
    "x": -123394,
    "y": 118519,
    "z": 0
  },
  {
    "x": -125558,
    "y": 112386,
    "z": 0
  },
  {
    "x": -123011,
    "y": 109125,
    "z": 0
  },
  {
    "x": -120040,
    "y": 101302,
    "z": 0
  },
  {
    "x": -115199,
    "y": 98591,
    "z": 0
  },
  {
    "x": -113117,
    "y": 96804,
    "z": 0
  },
  {
    "x": -107386,
    "y": 90839,
    "z": 0
  },
  {
    "x": -104138,
    "y": 88432,
    "z": 0
  },
  {
    "x": -99567,
    "y": 87021,
    "z": 0
  },
  {
    "x": -97239,
    "y": 87009,
    "z": 0
  },
  {
    "x": -95106,
    "y": 87508,
    "z": 0
  }
]