[
  {
    "x": -171124,
    "y": 136024,
    "z": 0
  },
  {
    "x": -166724,
    "y": 136243,
    "z": 0
  },
  {
    "x": -161553,
    "y": 135137,
    "z": 0
  },
  {
    "x": -144915,
    "y": 137833,
    "z": 0
  },
  {
    "x": -132138,
    "y": 138080,
    "z": 0
  },
  {
    "x": -121143,
    "y": 138491,
    "z": 0
  },
  {
    "x": -107002,
    "y": 136218,
    "z": 0
  },
  {
    "x": -98291,
    "y": 137421,
    "z": 0
  },
  {
    "x": -92676,
    "y": 139865,
    "z": 0
  },
  {
    "x": -90318,
    "y": 141156,
    "z": 0
  },
  {
    "x": -86825,
    "y": 141029,
    "z": 0
  },
  {
    "x": -85213,
    "y": 140804,
    "z": 0
  },
  {
    "x": -81223,
    "y": 139481,
    "z": 0
  },
  {
    "x": -78453,
    "y": 138908,
    "z": 0
  },
  {
    "x": -75765,
    "y": 139071,
    "z": 0
  },
  {
    "x": -74267,
    "y": 140723,
    "z": 0
  },
  {
    "x": -72200,
    "y": 143171,
    "z": 0
  },
  {
    "x": -70745,
    "y": 143677,
    "z": 0
  }
]