[
  {
    "x": -197476,
    "y": 154293,
    "z": 0
  },
  {
    "x": -198318,
    "y": 151581,
    "z": 0
  },
  {
    "x": -198656,
    "y": 146997,
    "z": 0
  },
  {
    "x": -198616,
    "y": 140511,
    "z": 0
  },
  {
    "x": -198288,
    "y": 135284,
    "z": 0
  },
  {
    "x": -196594,
    "y": 130163,
    "z": 0
  },
  {
    "x": -193458,
    "y": 127612,
    "z": 0
  },
  {
    "x": -183209,
    "y": 130085,
    "z": 0
  },
  {
    "x": -175852,
    "y": 135890,
    "z": 0
  }
]